{
  "AB": [
    "Calgary",
    "Edmonton",
    "Red Deer",
    "Lethbridge",
    "Medicine Hat",
    "Airdrie",
    "Grande Prairie",
    "Beaumont",
    "Hanna",
    "St. Albert",
    "Bonnyville",
    "Hinton",
    "Spruce Grove",
    "Brazeau",
    "Irricana",
    "Strathcona County",
    "Breton",
    "Lacombe",
    "Strathmore",
    "Leduc",
    "Sylvan Lake",
    "Camrose",
    "Swan Hills",
    "Canmore",
    "McLennan",
    "Taber",
    "Didzbury",
    "Turner Valley",
    "Drayton Valley",
    "Olds",
    "Vermillion",
    "Onoway",
    "Wood Buffalo",
    "Ft. Saskatchewan",
    "Provost",
    "Fernie"
  ],
  "BC": [
    "Vancouver",
    "Victoria",
    "Surrey",
    "Burnaby",
    "Kelowna",
    "Kamloops",
    "Lumby",
    "City of Port Moody",
    "Cache Creek",
    "Maple Ridge",
    "Prince George",
    "Castlegar",
    "Merritt",
    "Prince Rupert",
    "Chemainus",
    "Mission",
    "Richmond",
    "Chilliwack",
    "Nanaimo",
    "Saanich",
    "Clearwater",
    "Nelson",
    "Sooke",
    "Colwood",
    "New Westminster",
    "Sparwood",
    "Coquitlam",
    "North Cowichan",
    "Cranbrook",
    "North Vancouver",
    "Terrace",
    "Dawson Creek",
    "Delta",
    "Osoyoos",
    "Parksville",
    "Invermere",
    "Peace River",
    "Vernon",
    "Penticton",
    "Kaslo",
    "Port Alberni",
    "Whistler",
    "Langley",
    "Port Hardy"
  ],
  "MB": [
    "Winnipeg",
    "Brandon",
    "Steinbach",
    "Birtle",
    "Flin Flon",
    "Swan River",
    "Snow Lake",
    "The Pas",
    "Cranberry Portage",
    "Thompson",
    "Dauphin",
    "Stonewall"
  ],
  "NB": [
    "Moncton",
    "Saint John",
    "Fredericton",
    "Cap-Pele",
    "Miramichi",
    "Saint Stephen",
    "Grand Bay-Westfield",
    "Oromocto",
    "Shippagan",
    "Grand Falls",
    "Port Elgin",
    "Sussex",
    "Memramcook",
    "Sackville",
    "Tracadie-Sheila"
  ],
  "NL": [
    "St. John's",
    "Mount Pearl",
    "Corner Brook",
    "Argentia",
    "Paradise",
    "Bishop's Falls",
    "Labrador City",
    "Portaux Basques",
    "Botwood",
    "Brigus"
  ],
  "NS": [
    "Halifax",
    "Sydney",
    "Truro",
    "Amherst",
    "Hants County",
    "Pictou",
    "Annapolis",
    "Inverness County",
    "Pictou County",
    "Argyle",
    "Kentville",
    "Queens",
    "Baddeck",
    "County of Kings",
    "Bridgewater",
    "Lunenburg",
    "Shelburne",
    "Cape Breton",
    "Lunenburg County",
    "Stellarton",
    "Chester",
    "Mahone Bay",
    "Cumberland County",
    "New Glasgow",
    "Windsor",
    "East Hants",
    "New Minas",
    "Yarmouth",
    "Parrsboro"
  ],
  "ON": [
    "Toronto",
    "Ottawa",
    "Mississauga",
    "Brampton",
    "Hamilton",
    "London",
    "Kitchener",
    "Windsor",
    "Ajax",
    "Halton",
    "Peterborough",
    "Atikokan",
    "Halton Hills",
    "Pickering",
    "Barrie",
    "Port Bruce",
    "Belleville",
    "Hamilton-Wentworth",
    "Port Burwell",
    "Blandford-Blenheim",
    "Hearst",
    "Port Colborne",
    "Blind River",
    "Huntsville",
    "Port Hope",
    "Ingersoll",
    "Prince Edward",
    "Brant",
    "James",
    "Quinte West",
    "Brantford",
    "Kanata",
    "Renfrew",
    "Brock",
    "Kincardine",
    "Richmond Hill",
    "Brockville",
    "King",
    "Sarnia",
    "Burlington",
    "Kingston",
    "Sault Ste. Marie",
    "Caledon",
    "Kirkland Lake",
    "Scarborough",
    "Cambridge",
    "Scugog",
    "Chatham-Kent",
    "Larder Lake",
    "Chesterville",
    "Leamington",
    "Smiths Falls",
    "Clarington",
    "Lennox-Addington",
    "South-West Oxford",
    "Cobourg",
    "Lincoln",
    "St. Catharines",
    "Cochrane",
    "Lindsay",
    "St. Thomas",
    "Collingwood",
    "Stoney Creek",
    "Cornwall",
    "Markham",
    "Sudbury",
    "Deep River",
    "Metro Toronto",
    "Temagami",
    "Dundas",
    "Merrickville",
    "Thorold",
    "Durham",
    "Milton",
    "Thunder Bay",
    "Nepean",
    "Tillsonburg",
    "Ear Falls",
    "Newmarket",
    "Timmins",
    "East Gwillimbury",
    "Niagara",
    "Niagara Falls",
    "Uxbridge",
    "Elgin",
    "Niagara-on-the-Lake",
    "Vaughan",
    "Elliot Lake",
    "North Bay",
    "Wainfleet",
    "Flamborough",
    "Wasaga Beach",
    "Fort Erie",
    "North Dumfries",
    "Waterloo",
    "Fort Frances",
    "North York",
    "Gananoque",
    "Norwich",
    "Welland",
    "Georgina",
    "Oakville",
    "Wellesley",
    "Glanbrook",
    "Orangeville",
    "Whitby",
    "Gravenhurst",
    "Oshawa",
    "Wilmot",
    "Grimsby",
    "Guelph",
    "Ottawa-Carleton",
    "Woolwich",
    "Haldimand-Norfork",
    "Owen Sound",
    "York"
  ],
  "PE": ["Charlottetown", "Summerside", "Alberton", "Montague", "Souris"],
  "QC": [
    "Montréal",
    "Québec City",
    "Laval",
    "Gatineau",
    "Longueuil",
    "Sherbrooke",
    "Alma",
    "Fleurimont",
    "Amos",
    "Gaspe",
    "Marieville",
    "Anjou",
    "Mount Royal",
    "Aylmer",
    "Hull",
    "Beauport",
    "Joliette",
    "Montreal Region",
    "Bromptonville",
    "Jonquiere",
    "Montreal-Est",
    "Brosssard",
    "Lachine",
    "Chateauguay",
    "Lasalle",
    "Saint-Leonard",
    "Chicoutimi",
    "Laurentides",
    "Coaticook",
    "LaSalle",
    "Sorel",
    "Thetford Mines",
    "Dorval",
    "Lennoxville",
    "Victoriaville",
    "Drummondville",
    "Levis"
  ],
  "SK": [
    "Saskatoon",
    "Regina",
    "Prince Albert",
    "Avonlea",
    "Melfort",
    "Swift Current",
    "Colonsay",
    "Nipawin",
    "Tisdale",
    "Craik",
    "Unity",
    "Creighton",
    "Weyburn",
    "Eastend",
    "Wynyard",
    "Esterhazy",
    "Shell Lake",
    "Yorkton",
    "Gravelbourg"
  ],
  "NT": ["Yellowknife", "Town of Hay River"],
  "NU": ["Iqaluit"],
  "YT": ["Whitehorse", "Carcross"]
}
